"{'ip': '122.227.56.138', 'port': '8080'}"
"{'ip': '61.135.217.9', 'port': '80'}"
"{'ip': '61.135.217.15', 'port': '80'}"
"{'ip': '61.135.217.10', 'port': '80'}"
"{'ip': '106.75.128.88', 'port': '80'}"
"{'ip': '101.81.16.95', 'port': '8118'}"
"{'ip': '115.210.16.244', 'port': '8888'}"
"{'ip': '106.75.128.87', 'port': '80'}"
"{'ip': '123.132.199.161', 'port': '8888'}"
"{'ip': '61.135.217.16', 'port': '80'}"
"{'ip': '123.126.32.102', 'port': '8080'}"
"{'ip': '116.231.25.148', 'port': '8118'}"
"{'ip': '61.135.217.7', 'port': '80'}"
"{'ip': '61.135.217.13', 'port': '80'}"
"{'ip': '112.65.88.122', 'port': '8080'}"
"{'ip': '61.135.217.17', 'port': '80'}"
"{'ip': '61.135.217.14', 'port': '80'}"
"{'ip': '61.135.217.12', 'port': '80'}"
"{'ip': '27.115.75.114', 'port': '8080'}"
"{'ip': '123.52.13.220', 'port': '8888'}"
"{'ip': '61.135.217.3', 'port': '80'}"
"{'ip': '120.25.202.201', 'port': '8090'}"
"{'ip': '220.170.182.5', 'port': '80'}"
"{'ip': '211.94.109.45', 'port': '8118'}"
"{'ip': '139.227.72.95', 'port': '8888'}"
"{'ip': '182.200.230.36', 'port': '8888'}"
"{'ip': '1.181.244.50', 'port': '8888'}"
"{'ip': '121.69.6.142', 'port': '8118'}"
"{'ip': '123.156.194.206', 'port': '8888'}"
"{'ip': '112.239.235.26', 'port': '8888'}"
"{'ip': '58.247.30.222', 'port': '8080'}"
"{'ip': '118.114.77.47', 'port': '8080'}"
"{'ip': '115.219.7.7', 'port': '8888'}"
"{'ip': '112.235.3.147', 'port': '8888'}"
"{'ip': '112.102.221.220', 'port': '8888'}"
"{'ip': '119.52.59.202', 'port': '8888'}"
"{'ip': '113.56.114.31', 'port': '8118'}"
"{'ip': '180.110.41.159', 'port': '8118'}"
"{'ip': '112.102.130.16', 'port': '8888'}"
